date,model_decile_top,count_top,avg_model_score_top,avg_stock_return_14d_top,median_stock_return_14d_top,avg_excess_vs_spy_14d_top,median_excess_vs_spy_14d_top,avg_sector_neutral_return_14d_after_cost_top,median_sector_neutral_return_14d_after_cost_top,winsorized_sector_neutral_return_14d_after_cost_top,hit_rate_vs_spy_top,hit_rate_sector_neutral_after_cost_top,top5_positive_contribution_share_top,model_decile_bottom,count_bottom,avg_model_score_bottom,avg_stock_return_14d_bottom,median_stock_return_14d_bottom,avg_excess_vs_spy_14d_bottom,median_excess_vs_spy_14d_bottom,avg_sector_neutral_return_14d_after_cost_bottom,median_sector_neutral_return_14d_after_cost_bottom,winsorized_sector_neutral_return_14d_after_cost_bottom,hit_rate_vs_spy_bottom,hit_rate_sector_neutral_after_cost_bottom,top5_positive_contribution_share_bottom,top_minus_bottom_sector_neutral_14d,top_minus_bottom_median_sector_neutral_14d,top_minus_bottom_excess_vs_spy_14d
2026-01-26,10,50,0.12536244094371796,-0.004823225400692958,-0.02675775906068284,0.013351036138484713,-0.008583497521505168,0.0017782712214265994,0.0071236360032509456,-0.0026400464619408016,0.46,0.52,0.5279568531247782,1,51,-0.23396237194538116,0.018799469542228286,0.05581728750386805,0.03697373108140596,0.07399154904304572,-0.01418838601918321,-0.007082893137400457,-0.010900687433821589,0.7254901960784313,0.47058823529411764,0.4533605598756819,0.01596665724060981,0.014206529140651403,-0.023622694942921248
2026-01-27,10,50,0.12750941514968872,-0.0015946126907993752,-0.015318176039970044,0.011534099610620501,-0.002189463738550168,0.0034062101790451214,0.0011249917593810237,-0.0018972454469479328,0.5,0.5,0.6060416534168048,1,51,-0.23396237194538116,0.025464252225145558,0.050454588125439015,0.03859296452656544,0.06358330042685889,-0.010383479332430733,-0.005195664985897684,-0.009343180668160879,0.7254901960784313,0.43137254901960786,0.494106080911745,0.013789689511475856,0.006320656745278708,-0.027058864915944936
2026-01-28,10,50,0.12446483969688416,0.0002491142340747077,-0.010049996459411958,0.014023585735014618,0.0037244750415279526,0.00820543535989169,-0.017847382444840743,0.00019514701481570417,0.52,0.46,0.6051436278347168,1,51,-0.23396237194538116,0.021393452692512884,0.04494123194444821,0.03516792419345279,0.05871570344538812,-0.011125178292057468,-0.005145140578499406,-0.009067896706073967,0.7254901960784313,0.47058823529411764,0.481724638873246,0.019330613651949158,-0.012702241866341337,-0.021144338458438175
2026-01-29,10,50,0.12201523780822754,0.04296871845196243,0.009544100055215998,0.046639308044119365,0.013214689647372935,0.03503939200508868,0.00015407062525002587,0.029201906933552926,0.56,0.5,0.5272976686655891,1,51,-0.23396237194538116,0.032047263436703693,0.04600547895317719,0.03571785302886063,0.04967606854533413,-0.00338303451367829,-0.006805056348409165,-0.006390014752778408,0.7058823529411765,0.43137254901960786,0.5730807838387134,0.03842242651876697,0.006959126973659191,0.010921455015258735
2026-01-30,10,50,0.12660221755504608,0.009095804866585334,-0.0058808710258544394,0.02781851239585297,0.012841836503413195,0.023040697096480073,-0.008087675582662488,0.019566207190104143,0.58,0.48,0.5402086278465631,1,51,-0.23396237194538116,0.019918760151843025,0.02928069463727323,0.03864146768111067,0.048003402166540865,-0.009452188204798713,-0.013078086034385481,-0.008535413176994437,0.7450980392156863,0.47058823529411764,0.4918423405609399,0.032492885301278786,0.004990410451722993,-0.010822955285257698
2026-02-02,10,50,0.12278218567371368,0.04958735805529633,0.0167766156636735,0.05274903457019351,0.019938292178570682,0.040828062583122327,0.006421606766575995,0.033076296846617274,0.54,0.52,0.5179417874678953,1,51,-0.23396237194538116,0.034774023753276054,0.04792848953134321,0.03793570026817324,0.05109016604624039,0.0002827248993832989,8.562999717615224e-05,-0.0023188807512069826,0.7058823529411765,0.5098039215686274,0.5120773104779951,0.040545337683739024,0.0063359767693998426,0.014813334302020267
2026-02-03,10,50,0.12479972094297409,0.08096158366898316,0.03612250766971281,0.07081853676629919,0.02597946076702884,0.05988245876077998,0.023086248364785067,0.05986191619323395,0.54,0.54,0.44184981509692,1,51,-0.23396237194538116,0.020116888567509098,0.029140333476594282,0.00997384166482513,0.01899728657391031,-0.010835190645539092,-0.006882299868184947,-0.014782377959376484,0.6078431372549019,0.49019607843137253,0.5324587343959443,0.07071764940631907,0.029968548232970016,0.06084469510147406
2026-02-04,10,50,0.1276998370885849,0.09835221989357062,0.07141857117999872,0.08111550446045893,0.05418185574688705,0.06675023862339108,0.04671595953322788,0.06658772837869424,0.68,0.68,0.355732164273393,1,51,-0.23396237194538116,0.03360110468114894,0.0380444249986327,0.016364389248037268,0.020807709565521026,-0.0074835878600644865,0.00033124184614358307,-0.010182403524669436,0.6470588235294118,0.5098039215686274,0.5635069011352318,0.07423382648345557,0.0463847176870843,0.06475111521242166
2026-02-05,10,50,0.1306559145450592,0.06330674847957092,0.05899979520003984,0.07001084177733859,0.0657038884978075,0.06173090633464412,0.05976383517191408,0.06281585466208432,0.7,0.7,0.33796568889609546,1,51,-0.23396237194538116,0.013617992922674231,0.021620607152589066,0.020322086220441897,0.028324700450356732,-0.012365786452679078,-0.0053903523265592095,-0.012197479780788183,0.6078431372549019,0.45098039215686275,0.4958267922030111,0.0740966927873232,0.06515418749847329,0.04968875555689669
2026-02-06,10,50,0.1303757131099701,0.038007108753849043,0.022073261088146445,0.04891566793663449,0.03298182027093188,0.04234984642462043,0.021200578907235257,0.04095360301371226,0.6,0.56,0.3859939513837828,1,51,-0.23396237194538116,0.025559868029624882,0.021839669849453403,0.03646842721241032,0.03274822903223884,-0.001098111710030153,-0.0025974394839506907,-0.0024215824412392515,0.7647058823529411,0.43137254901960786,0.537958594883031,0.043447958134650584,0.02379801839118595,0.012447240724224165
2026-02-09,10,50,0.12832708656787872,0.00991862844884339,-0.0035837682391174353,0.026953136680435197,0.01345073999247437,0.024865571948254703,-0.0059248852033021975,0.0235835115418392,0.52,0.46,0.41653391457107336,1,51,-0.23396237194538116,0.011444275517837287,0.0070710061147869485,0.028478783749429092,0.024105514346378754,0.0012888030354581458,0.004075860653029397,-0.0006696673878383216,0.6862745098039216,0.5098039215686274,0.5118942836870125,0.02357676891279656,-0.010000745856331594,-0.0015256470689938954
2026-02-10,10,50,0.13215550780296326,0.04078510509040199,0.015092591064314376,0.05065571055310578,0.024963196527018172,0.04693052162855029,0.008294079655523813,0.04319993037506308,0.58,0.52,0.4747931500246309,1,51,-0.23396237194538116,0.014647151900071001,0.010199140547436647,0.0245177573627748,0.020069746010140443,0.0013737445232593402,0.0015667310881420384,0.0014020298159594718,0.6078431372549019,0.5490196078431373,0.4903895733760389,0.04555677710529095,0.0067273485673817746,0.026137953190330982
2026-02-11,10,50,0.13006633520126343,0.06121763414074037,0.024002637614985334,0.06115897193371904,0.023943975407964002,0.05765176486798447,0.02189709455188016,0.05555967543627359,0.62,0.64,0.4467958157327773,1,51,-0.23396237194538116,0.006573586487291996,0.02189279576330705,0.006514924280270664,0.021834133556285718,0.0034543744146013247,-0.003012020125508773,0.004066682932866295,0.5882352941176471,0.47058823529411764,0.4957929746916906,0.05419739045338315,0.024909114677388933,0.05464404765344837
2026-02-12,10,50,0.1315341740846634,0.016440358625158785,-0.023646281631985233,0.030184403396092838,-0.009902236861051184,0.031952757150859386,0.006914356960847414,0.030401486824114154,0.46,0.54,0.45197309017679543,1,51,-0.23396237194538116,-0.01677395778175448,-0.01212570241463451,-0.0030299130108204313,0.0016183423562995403,-0.0020281001411507514,0.0014412368367338626,-0.0013737793584541148,0.5098039215686274,0.5098039215686274,0.5453859803212397,0.033980857292010135,0.005473120124113551,0.03321431640691327
2026-02-13,10,50,0.1257840394973755,0.03126737154503378,0.008607724939264538,0.037974434328709054,0.015314787722939815,0.04003809416046258,0.02246407459795774,0.038925145011837005,0.56,0.56,0.45181264067407084,1,51,-0.23396237194538116,-0.013650898130616854,-0.015991848707913703,-0.006943835346941578,-0.009284785924238426,0.00223566963622061,-0.0004407734916728732,0.0015076598306100078,0.43137254901960786,0.47058823529411764,0.5382057347295833,0.03780242452424197,0.022904848089630614,0.04491826967565063
2026-02-17,10,51,0.131374329328537,0.004260447052188386,-0.01358141048934114,0.017534743481570986,-0.00030711405995853536,0.02051382439691558,0.014450535404032018,0.020187543646595262,0.49019607843137253,0.5490196078431373,0.40486254599202404,1,51,-0.23396237194538116,-0.014737910682948923,-0.00737764136550878,-0.0014636142535663192,0.0058966550638738235,0.0009423284885664171,0.0008180430384870387,-0.00027370295694970016,0.5294117647058824,0.5098039215686274,0.42979287880394285,0.019571495908349164,0.01363249236554498,0.018998357735137306
2026-02-18,10,51,0.12671557068824768,0.0016968052737412666,0.007179066474510609,0.013603572598706917,0.01908583379947626,0.016993730668017158,0.018913939368099764,0.01511101051571298,0.6078431372549019,0.5686274509803921,0.4129920589513105,1,51,-0.23396237194538116,-0.024429919766001743,-0.01654672473538943,-0.012523152441036096,-0.004639957410423778,-0.0029545784365704528,0.0019409131641703894,-0.00264236930317259,0.45098039215686275,0.5294117647058824,0.4007325758098176,0.01994830910458761,0.016973026203929376,0.02612672503974301
2026-02-19,10,51,0.1276279091835022,-0.03300571068316424,-0.03722808620218454,0.0008919233480533512,-0.0033304521709669466,0.0022506406328810526,-0.0018154391672309798,0.003981516908666954,0.49019607843137253,0.47058823529411764,0.4486117905770734,1,51,-0.23396237194538116,-0.03961406800355055,-0.03769995035567264,-0.005716433972332962,-0.003802316324455046,-0.0010279597351350693,0.000594983182137744,-0.0007655604395176397,0.45098039215686275,0.5098039215686274,0.45665389504276593,0.003278600368016122,-0.002410422349368724,0.006608357320386313
2026-02-20,10,51,0.12611083686351776,-0.012564255031719158,-0.02462937401199361,0.016891087239031596,0.004825968258757141,0.014573238934682639,-0.0054106169525858765,0.015337623113756017,0.5294117647058824,0.49019607843137253,0.4832353183556113,1,51,-0.23396237194538116,-0.03990065193509148,-0.03911578100715096,-0.010445309664340732,-0.009660438736400212,-0.006439117855481489,-0.008366647268415904,-0.005847469761838262,0.45098039215686275,0.45098039215686275,0.4757583444493448,0.021012356790164128,0.002956030315830027,0.027336396903372327
2026-02-23,10,51,0.12193833291530609,-0.012645219437360716,-0.021272172339460993,0.0140077468956126,0.005380793993512323,0.014644937492618483,0.0016691647021485636,0.014494345228804426,0.5294117647058824,0.5490196078431373,0.4409073953335734,1,51,-0.23396237194538116,-0.038872090513804275,-0.035990699854844155,-0.012219124180830963,-0.009337733521870839,-0.005623983077706288,-0.005641614786643654,-0.004892954382662918,0.43137254901960786,0.47058823529411764,0.45686394007209147,0.02026892057032477,0.007310779488792218,0.026226871076443562
2026-02-24,10,51,0.11910475045442581,-0.02260536774815675,-0.026163992354941157,0.009653294896956485,0.006094670290172077,0.00955515207661138,0.014421391284288045,0.010718840324786262,0.5294117647058824,0.5294117647058824,0.4298420518992387,1,51,-0.23396237194538116,-0.03258094221829108,-0.03651608311112009,-0.0003222795731778488,-0.004257420466006856,-0.0004833843217139731,0.004089863402272078,0.0007858731608615345,0.45098039215686275,0.5294117647058824,0.5275140862993178,0.010038536398325353,0.010331527882015967,0.009975574470134333
2026-02-25,10,51,0.11577799171209335,-0.03398126382590092,-0.021214223688089784,0.006451022052871644,0.019218062190682783,0.008507557973528871,0.010670738046956453,0.008658239083485557,0.6274509803921569,0.5490196078431373,0.4180880751285053,1,51,-0.23396237194538116,-0.04683818206119848,-0.05400181298344431,-0.006405896182425917,-0.013569527104671741,-0.0018636545310377454,-0.0007844372799389863,-0.002627032158136518,0.4117647058823529,0.49019607843137253,0.488923821318472,0.010371212504566617,0.01145517532689544,0.012856918235297561
2026-02-26,10,51,0.11895754933357239,-0.03092276481864479,-0.03780143142591974,0.0072556097562036185,0.00037694314892866565,0.010488816116435387,0.013302124356150137,0.012741751188708635,0.5098039215686274,0.5882352941176471,0.4467759486617493,1,51,-0.23396237194538116,-0.06110044317995186,-0.052333487748014273,-0.022922068605103464,-0.014155113173165867,-0.0051624979014111,-0.005301534565088027,-0.004596646340573683,0.35294117647058826,0.4117647058823529,0.5070381731217134,0.015651314017846488,0.018603658921238164,0.03017767836130708
2026-02-27,10,51,0.12467414140701294,-0.06410405301633931,-0.053357881123994644,-0.01159849395457374,-0.0008523220622290717,-0.009301830682741197,-0.006738404582313949,-0.005459166770131831,0.49019607843137253,0.45098039215686275,0.45690202891780896,1,51,-0.23396237194538116,-0.07329887963126291,-0.06511258294745004,-0.02079332056949734,-0.012607023885684465,-0.0003574386879977064,0.000611356372258677,-0.0005468709397034696,0.2549019607843137,0.5294117647058824,0.4065271998324535,-0.008944391994743492,-0.007349760954572626,0.0091948266149236
2026-03-02,10,51,0.12755447626113892,-0.018024624286614256,-0.036144099427319776,0.016017949193511814,-0.0021015259471937053,0.015194979515946404,0.003933568634814035,0.017977597724683114,0.47058823529411764,0.5098039215686274,0.4043528970472232,1,51,-0.23396237194538116,-0.05566382606632786,-0.05052176393938301,-0.02162125258620179,-0.016479190459256943,-0.0012144882568077314,0.00035254665889300615,-0.0015015734553912791,0.21568627450980393,0.5098039215686274,0.4807052429943317,0.016409467772754135,0.0035810219759210287,0.0376392017797136
2026-03-03,10,51,0.13544689118862152,-0.03225371625482483,-0.0483462769610663,0.011776095626746233,-0.004316465079495235,0.010624172440835552,0.005567960632170634,0.012939405918386663,0.49019607843137253,0.5490196078431373,0.446467932169258,1,51,-0.23396237194538116,-0.06328233371812397,-0.058402149809294035,-0.0192525218365529,-0.014372337927722967,-0.00432601487358351,0.0013144965276587497,-0.0036115773159280133,0.39215686274509803,0.5490196078431373,0.3915278886657593,0.01495018731441906,0.004253464104511884,0.031028617463299137
2026-03-04,10,51,0.12913139164447784,-0.013923566921075724,-0.05581144051618103,0.019389042710406246,-0.02249883088469906,0.017607474254997098,-0.014218658632672741,0.013526288548175785,0.43137254901960786,0.47058823529411764,0.45651623099917116,1,51,-0.23396237194538116,-0.03932339679740226,-0.0385175994420468,-0.0060107871659202975,-0.005204989810564831,-0.0011816599356495516,-0.0004046616012292601,-0.0009073956286763901,0.43137254901960786,0.47058823529411764,0.4089363801863611,0.01878913419064665,-0.013813997031443481,0.025399829876326545
2026-03-05,10,51,0.12935848534107208,-0.021517564801007555,-0.017863774445734837,0.016449370291612614,0.020103160646885332,0.014205140373515654,0.011992446650800627,0.011177243504622715,0.5686274509803921,0.5490196078431373,0.42734119306010204,1,51,-0.23396237194538116,-0.034933096429633985,-0.030683495788485615,0.0030338386629861847,0.0072834393041345535,0.0013389148699198708,0.002437470003476662,0.001990573282648261,0.5686274509803921,0.5686274509803921,0.44621672497242154,0.012866225503595783,0.009554976647323965,0.01341553162862643
2026-03-06,10,51,0.13099147379398346,-0.05926272217580714,-0.055675903451466335,0.0033204832532878724,0.006907301977628677,0.000984202077792605,0.0018211357716568246,-0.002185198949036548,0.5098039215686274,0.5098039215686274,0.4742053568043081,1,51,-0.23396237194538116,-0.046261729552544484,-0.04204650972119561,0.016321475876550535,0.0205366957078994,0.00014915055987151283,0.0028747185049156645,0.00020306302159313257,0.7254901960784313,0.6078431372549019,0.4584659045128944,0.0008350515179210921,-0.0010535827332588399,-0.013000992623262663
2026-03-09,10,51,0.13074836134910583,-0.07929410080781338,-0.07108676000312786,-0.015080605257685927,-0.006873264453000405,-0.01564360902336236,-0.0050347105171072975,-0.01587077340394814,0.47058823529411764,0.49019607843137253,0.5106925691607728,1,51,-0.23396237194538116,-0.032840792558635735,-0.026322464263877632,0.03137270299149171,0.03789103128624982,0.01099936929960832,0.011962499490436209,0.010822083713555284,0.8235294117647058,0.7254901960784313,0.35260920420707836,-0.02664297832297068,-0.016997210007543506,-0.046453308249177636
2026-03-10,10,51,0.13106855750083923,-0.04277003023580923,-0.030651581472943557,-0.0069681329813904855,0.005150315781475179,-0.008149234755856624,0.004599725270096612,-0.007607807178930974,0.5098039215686274,0.5098039215686274,0.3763496284295087,1,51,-0.23396237194538116,-0.01449210305056949,-0.01441661850487097,0.021309794203849243,0.021385278749547765,0.009278691295454595,0.00739926605474134,0.009417721319295266,0.7450980392156863,0.6666666666666666,0.39094170163947484,-0.01742792605131122,-0.0027995407846447273,-0.028277927185239728
2026-03-11,10,51,0.13149380683898926,0.010821421587485142,0.0001238654641544379,0.024379533524399616,0.013681977401068912,0.02005279236277328,0.01345889233296055,0.01862121423366346,0.6274509803921569,0.5490196078431373,0.37056307053909027,1,51,-0.23396237194538116,-0.002258218512213469,1.992266163686196e-05,0.011299893424701005,0.013578034598551336,0.0052504303754356265,-0.0008286277015483999,0.005447841454037394,0.6666666666666666,0.49019607843137253,0.4022246064798789,0.014802361987337653,0.01428752003450895,0.01307964009969861
2026-03-12,10,51,0.129333958029747,0.015183109108949383,0.009549506294215249,0.02223274757552208,0.016599144760787943,0.01825584819037455,0.009932903662324856,0.013599756572426463,0.6470588235294118,0.6078431372549019,0.44435056237826226,1,51,-0.23396237194538116,0.0012265573113051347,0.004787631136032644,0.008276195777877828,0.011837269602605338,0.006552159067526618,0.007264330585778302,0.0069554241637426835,0.6470588235294118,0.6274509803921569,0.38180240279896704,0.011703689122847933,0.0026685730765465543,0.01395655179764425
2026-03-13,10,51,0.13001561164855957,0.005246057009399233,0.013868034289317155,0.01765282444020994,0.02627480172012786,0.014589450676752437,0.01854527168348602,0.0144905168963635,0.6470588235294118,0.6470588235294118,0.38115255366927764,1,51,-0.23396237194538116,-0.0014357980672065913,0.0009310536484319343,0.010970969363604114,0.01333782107924264,0.008913100556715904,0.007371876552078995,0.00812602599128067,0.6274509803921569,0.5882352941176471,0.3847404528989822,0.005676350120036533,0.011173395131407025,0.0066818550766058245
2026-03-16,10,51,0.13075202703475952,-0.006771236023566602,-0.009361041664505021,0.007793159626548534,0.005203353985610115,0.004055359464370663,-0.0006142224926717886,0.005730155903344485,0.5294117647058824,0.49019607843137253,0.4613568613159877,1,51,-0.23396237194538116,-0.011342052915224504,-0.005695269135680969,0.003222342734890633,0.008869126514434167,0.00045627940815870353,0.002001456749450682,0.0014555641016565466,0.5882352941176471,0.5490196078431373,0.4206948434664929,0.0035990800562119597,-0.0026156792421224706,0.004570816891657901
2026-03-17,10,51,0.12951533496379852,0.04057485579921607,0.03610240534505649,0.015740469880146452,0.011268019425986875,0.010234728396058478,0.008097228043304984,0.01258629765273829,0.5686274509803921,0.5490196078431373,0.4336375564776828,1,51,-0.23396237194538116,0.02227377106462598,0.021014968683281454,-0.0025606148544436336,-0.0038194172357881584,0.0005393050939846651,0.0024711823853239014,9.088874591754266e-05,0.45098039215686275,0.5098039215686274,0.5256508349222687,0.009695423302073812,0.0056260456579810825,0.018301084734590085
2026-03-18,10,51,0.13079670071601868,0.032751651319663566,0.038415329862554026,-0.0005414837127707928,0.005122194830119664,-0.0029861070014806884,-0.0033154241684054107,-0.0022069378492578845,0.5098039215686274,0.49019607843137253,0.4350335849041562,1,51,-0.23396237194538116,0.03214930208790417,0.0317352525283956,-0.0011438329445301952,-0.0015578825040387656,-0.0007692210673556948,0.004061409643092708,-0.0007434778400180234,0.47058823529411764,0.5686274509803921,0.45413772772948213,-0.0022168859341249935,-0.007376833811498118,0.0006023492317594023
2026-03-19,10,51,0.1294878125190735,0.07128324465512709,0.06191950610652741,0.023655364396094898,0.014291625847495215,0.021575470639052182,0.006416277320819676,0.0204836715520362,0.5882352941176471,0.5294117647058824,0.3619799746177848,1,51,-0.23396237194538116,0.037447015693863626,0.049497572257245714,-0.010180864565168571,0.0018696919982135185,-0.008244815530330067,-0.004279072476672306,-0.007718846045039555,0.5098039215686274,0.43137254901960786,0.5058680518773173,0.02982028616938225,0.010695349797491982,0.03383622896126347
2026-03-20,10,51,0.13327042758464813,0.08555586625726148,0.0803611112510898,0.03868234177642544,0.03348758677025376,0.034664915490601515,0.030352904077492415,0.03343168360270876,0.5882352941176471,0.5882352941176471,0.36482823448085333,1,51,-0.23396237194538116,0.028838301787883373,0.032738293969719834,-0.01803522269295266,-0.014135230511116204,-0.010503144886294072,-0.01197470210242829,-0.01058682825568,0.3333333333333333,0.35294117647058826,0.5772600974893496,0.04516806037689559,0.04232760617992071,0.056717564469378104
2026-03-23,10,51,0.13286647200584412,0.10313314546994841,0.10452499916559477,0.03993459413684716,0.04132644783249351,0.040193076135267174,0.052458645639227364,0.03737205745117243,0.6470588235294118,0.6470588235294118,0.3382032682715311,1,51,-0.23396237194538116,0.03267149522273479,0.0336995953304724,-0.030527056110366473,-0.029498956002628862,-0.010373144064670494,-0.005130841113181793,-0.010718520980626135,0.2549019607843137,0.4117647058823529,0.5157433344024978,0.050566220199937666,0.05758948675240916,0.07046165024721364
2026-03-24,10,51,0.13280270993709564,0.10183004498493883,0.10346854561518692,0.036180407890521536,0.037818908520769634,0.03823973045307017,0.046382645123684896,0.03627532641515303,0.6470588235294118,0.7058823529411765,0.32892665550193173,1,51,-0.23396237194538116,0.021654736334694807,0.023200552907759464,-0.04399490075972249,-0.042449084186657826,-0.012799579786758582,-0.010746515493335882,-0.013307910254878619,0.21568627450980393,0.39215686274509803,0.5779932405404692,0.05103931023982875,0.05712916061702078,0.08017530865024403
2026-03-25,10,51,0.13215908408164978,0.15821870151694467,0.1566447600534815,0.07052559833130684,0.06895165686784366,0.06997638599967666,0.08182432615598106,0.0656622261885101,0.6470588235294118,0.7843137254901961,0.3056823471839461,1,51,-0.23396237194538116,0.025260461615697265,0.02370819413940284,-0.06243264156994057,-0.063984909046235,-0.021421567827421065,-0.01835698356691945,-0.022077687370631923,0.09803921568627451,0.29411764705882354,0.7467627520072052,0.09139795382709773,0.10018130972290051,0.13295823990124742
2026-03-26,10,51,0.13475991785526276,0.19253614526321788,0.173448260872743,0.0726005137723551,0.05351262938188017,0.06958512249725674,0.07395062596523122,0.06782440746894497,0.6862745098039216,0.7843137254901961,0.3083016161668041,1,51,-0.23396237194538116,0.051994056608845055,0.053269740791925146,-0.06794157488201778,-0.06666589069893769,-0.016949194766946046,-0.008604146153648516,-0.016788349299149644,0.1568627450980392,0.45098039215686275,0.47830409954813313,0.08653431726420278,0.08255477211887974,0.1405420886543729
2026-03-27,10,51,0.13535583019256592,0.23570675207677624,0.20630434356453442,0.11426110820447562,0.08485869969223381,0.10840042148344911,0.10533692159596436,0.11008194386313128,0.7254901960784313,0.8431372549019608,0.26195750232742154,1,51,-0.23396237194538116,0.04625793172886177,0.0468067912375969,-0.07518771214343885,-0.07463885263470371,-0.014906479270190051,-0.011752180219753048,-0.014819817347273643,0.17647058823529413,0.37254901960784315,0.5068856946537119,0.12330690075363916,0.11708910181571741,0.18944882034791447
2026-03-30,10,51,0.13353799283504486,0.169946480812851,0.185846024153284,0.08731279994559885,0.1032123432860319,0.07956340228689246,0.06406933590769653,0.08021022731474736,0.6666666666666666,0.7843137254901961,0.27851637056472384,1,51,-0.23396237194538116,0.02475890959041358,0.026054783879701615,-0.05787477127683851,-0.056578896987550475,-0.009149651481364962,-0.0014140333575314843,-0.009049786044073952,0.19607843137254902,0.47058823529411764,0.43717362292187495,0.08871305376825742,0.06548336926522802,0.14518757122243736
2026-03-31,10,51,0.11903556436300278,0.15721778830101688,0.14668628660746896,0.07179865550623561,0.06126715381268766,0.0737124664431954,0.07466718455545657,0.07584292003213441,0.6666666666666666,0.7843137254901961,0.2736238721336132,1,51,-0.23396237194538116,0.01812464935376988,0.025140045974318737,-0.06729448344101144,-0.06027908682046257,-0.01025558595310961,-0.006693304239747953,-0.00999293395428411,0.09803921568627451,0.43137254901960786,0.49043838803233386,0.083968052396305,0.08136048879520452,0.13909313894724706
2026-04-01,10,51,0.11847241967916489,0.13211649066043366,0.12514817354437713,0.051882293161085315,0.04491397604502878,0.05647411472484739,0.06075507478972414,0.05636259142605158,0.6274509803921569,0.7058823529411765,0.28497415190047376,1,51,-0.23396237194538116,0.021602696187769235,0.025111962020976764,-0.05863150131157911,-0.055122235478371584,-0.013731604858369653,-0.013871526610521987,-0.012738848573902641,0.1568627450980392,0.35294117647058826,0.5195630646613234,0.07020571958321704,0.07462660140024613,0.11051379447266443
2026-04-02,10,51,0.11849000304937363,0.14384380960403795,0.11370556773440099,0.06035996401030427,0.030221722140667318,0.06697079311435285,0.07838310256757658,0.06077529583978722,0.6862745098039216,0.7254901960784313,0.32520350616549176,1,51,-0.23396237194538116,0.012094182519000225,0.009212416081802566,-0.07138966307473345,-0.07427142951193111,-0.015202505838333498,-0.011173919643770068,-0.015309023501422733,0.09803921568627451,0.37254901960784315,0.5557420833598082,0.08217329895268635,0.08955702221134665,0.13174962708503773
2026-04-06,10,51,0.11904623359441757,0.13715145971191003,0.12273091048583185,0.05227840565780595,0.03785785643172779,0.058107824995926545,0.05861907846902975,0.05378371270739866,0.6470588235294118,0.6078431372549019,0.36231236997365557,1,51,-0.23396237194538116,0.013360384452219097,0.02142909672812854,-0.07151266960188496,-0.06344395732597552,-0.01248844286131301,-0.006540405995707431,-0.00995608880798478,0.0784313725490196,0.43137254901960786,0.42268415241803275,0.07059626785723955,0.06515948446473718,0.12379107525969091
2026-04-07,10,51,0.1210193857550621,0.07580664938476603,0.06992560465952136,0.023026376666390756,0.01714533194114609,0.03336413056352074,0.038559961195493264,0.031532761703304366,0.5882352941176471,0.6078431372549019,0.42033229568946195,1,51,-0.23396237194538116,-0.004328066899868741,-0.003858886524572114,-0.057108339618244006,-0.05663915924294738,-0.010385674174727301,-0.006351583443355567,-0.0093137330012169,0.11764705882352941,0.45098039215686275,0.432806264864034,0.04374980473824804,0.04491154463884883,0.08013471628463475
2026-04-08,10,51,0.113166943192482,0.07779986231133415,0.06445548978991633,0.03122010146617247,0.017875728944754643,0.042431000326512806,0.03759773746765188,0.03997092668554545,0.5686274509803921,0.6274509803921569,0.4220136959595468,1,51,-0.23396237194538116,-0.016825923411926742,-0.024836468708199333,-0.06340568425708844,-0.07141622955336102,-0.012329241888792525,-0.006811468554131004,-0.012155980189892331,0.11764705882352941,0.4117647058823529,0.6414489547635093,0.05476024221530533,0.04440920602178289,0.09462578572326091
2026-04-09,10,51,0.11553435027599335,0.10392315047598175,0.08891226754747383,0.04623035045212317,0.031219467523615263,0.051387037196719006,0.03310715558223337,0.04641580441423699,0.5882352941176471,0.6274509803921569,0.385443505312985,1,51,-0.23396237194538116,0.004344548424262321,0.004203590673442781,-0.05334825159959626,-0.05348920935041579,-0.014289707468426205,-0.008011426179848678,-0.014484220781238523,0.13725490196078433,0.4117647058823529,0.5269709525912912,0.06567674466514521,0.04111858176208205,0.09957860205171942
2026-04-10,10,51,0.11645199358463287,0.08814300852257423,0.061671235712247974,0.037785844759933254,0.011314071949606985,0.040420336586286014,0.005571128812732086,0.03749072099585116,0.5490196078431373,0.5294117647058824,0.480677866200624,1,51,-0.23396237194538116,0.0032975774242218953,0.004207687276339911,-0.047059586338419106,-0.04614947648630108,-0.009235179935527008,-0.009560645396125387,-0.009629368840844353,0.13725490196078433,0.4117647058823529,0.5378534638041155,0.04965551652181302,0.015131774208857474,0.08484543109835235
2026-04-13,10,51,0.11677687615156174,0.08296770374414257,0.0525492965193195,0.049056482006606665,0.018638074781783587,0.04877617365844509,0.01608364372425647,0.044168541474439896,0.5686274509803921,0.5490196078431373,0.4230509154652819,1,51,-0.23396237194538116,-0.008308976925531814,-0.011153256862825867,-0.04222019866306773,-0.04506447860036178,-0.010992204897395464,-0.00978771111867288,-0.01107553410857268,0.17647058823529413,0.39215686274509803,0.5797768664700116,0.05976837855584055,0.02587135484292935,0.0912766806696744
2026-04-14,10,51,0.11659056693315506,0.09424785551881215,0.0314881740541928,0.060202055869236396,-0.002557625595382973,0.05573240742738175,0.019061087967484014,0.05245182053396397,0.49019607843137253,0.5294117647058824,0.4648105949484869,1,51,-0.23396237194538116,-0.000932069300659919,-0.00302999601192544,-0.03497786895023569,-0.03707579566150121,-0.00861474722383681,-0.011603700093480938,-0.008715478960568523,0.19607843137254902,0.43137254901960786,0.49247764600535043,0.06434715465121857,0.030664788060964954,0.09517992481947209
2026-04-15,10,51,0.11452716588973999,0.10076324741557315,0.045255785283425665,0.0549147664182313,-0.0005926957139161804,0.050569521250755846,0.0006480176883801327,0.04885243222733406,0.49019607843137253,0.5098039215686274,0.46271657535174526,1,51,-0.23396237194538116,-0.003292765982758673,-0.012169652926717123,-0.049141246980100514,-0.05801813392405897,-0.013163842900868234,-0.007836635499202714,-0.013375944960388813,0.1568627450980392,0.27450980392156865,0.5880953144870067,0.06373336415162408,0.008484653187582847,0.10405601339833181
2026-04-16,10,51,0.1126849576830864,0.08478228009584722,0.04541069227960293,0.05459104738236555,0.015219459566121252,0.05056117534212706,0.008739483707936703,0.04722580331943237,0.5490196078431373,0.5098039215686274,0.46437262248490785,1,51,-0.23396237194538116,-0.02146374740246832,-0.021433739324148826,-0.05165498011594999,-0.0516249720376305,-0.012776778655282033,-0.007583758899257718,-0.010803585837555326,0.1568627450980392,0.39215686274509803,0.5224705099290132,0.0633379539974091,0.01632324260719442,0.10624602749831555
2026-04-17,10,51,0.10932380706071854,0.10024298839906674,0.012992273547198785,0.05946521211404041,-0.02778550273782754,0.05676879731524715,-0.006744401407092258,0.05025995395053968,0.43137254901960786,0.49019607843137253,0.5245447412539465,1,51,-0.23396237194538116,-0.02754128969601988,-0.028859709242856857,-0.0683190659810462,-0.06963748552788318,-0.016933450401391447,-0.009623738202109764,-0.01448344148306945,0.13725490196078433,0.35294117647058826,0.5302273145185664,0.0737022477166386,0.0028793367950175064,0.1277842780950866
2026-04-20,10,51,0.1075892373919487,0.11944474981910877,0.03980310762870731,0.06942206795306335,-0.010219574237338103,0.06628328140836504,0.011894813824665786,0.05800302951643183,0.47058823529411764,0.5294117647058824,0.5119097927942101,1,51,-0.23396237194538116,-0.017170505899466657,-0.006127131807794339,-0.06719318776551206,-0.056149813673839755,-0.021323259467631073,-0.013000635568592487,-0.018842735095880764,0.13725490196078433,0.39215686274509803,0.562689476978719,0.0876065408759961,0.024895449393258273,0.1366152557185754
2026-04-21,10,51,0.1077180951833725,0.09693092050656142,0.04503322750678351,0.05900967380039229,0.00711198080061437,0.05619135508786505,0.013985396924571404,0.04941872685169899,0.5098039215686274,0.5882352941176471,0.5108721031565028,1,51,-0.23396237194538116,-0.006769794826272837,-0.0030541261873539005,-0.04469104153244198,-0.04097537289352304,-0.015469737047811035,-0.010068835393453988,-0.012781388382562455,0.23529411764705882,0.45098039215686275,0.4788862786781008,0.07166109213567608,0.024054232318025393,0.10370071533283427
